,url,name,image,price,size
0,https://www.lobstersnowboards.com/shop/parkbaord-sa-troublemaker-123,PARKBOARD SA TROUBLEMAKER,https://www.lobstersnowboards.com/lobster1718/prod_images/med/1617-special-add-4-460.png,US$279.95,157
1,https://www.lobstersnowboards.com/shop/parkbaord-sa-troublemaker-123,PARKBOARD SA TROUBLEMAKER,https://www.lobstersnowboards.com/lobster1718/prod_images/med/1617-special-add-4-460.png,US$279.95,154 - SOLD OUT!!
2,https://www.lobstersnowboards.com/shop/parkbaord-sa-troublemaker-123,PARKBOARD SA TROUBLEMAKER,https://www.lobstersnowboards.com/lobster1718/prod_images/med/1617-special-add-4-460.png,US$279.95,152 - SOLD OUT!!
3,https://www.lobstersnowboards.com/shop/jibbboard-sa-std-121,JIBBBOARD SA STD,https://www.lobstersnowboards.com/lobster1718/prod_images/med/1617-special-add-5-453.png,US$259.95,153 - SOLD OUT!!
4,https://www.lobstersnowboards.com/shop/jibbboard-sa-std-121,JIBBBOARD SA STD,https://www.lobstersnowboards.com/lobster1718/prod_images/med/1617-special-add-5-453.png,US$259.95,151 - SOLD OUT!!
5,https://www.lobstersnowboards.com/shop/jibbboard-sa-std-121,JIBBBOARD SA STD,https://www.lobstersnowboards.com/lobster1718/prod_images/med/1617-special-add-5-453.png,US$259.95,148 - SOLD OUT!!
6,https://www.lobstersnowboards.com/shop/jibbboard-sa-std-121,JIBBBOARD SA STD,https://www.lobstersnowboards.com/lobster1718/prod_images/med/1617-special-add-5-453.png,US$259.95,144 - SOLD OUT!!
7,https://www.lobstersnowboards.com/shop/parkbaord-sa-31,2012 PARKBOARD SA SKETCHY ALLEY,https://www.lobstersnowboards.com/lobster1718/prod_images/med/1617-special-add-2-457.png,US$278.99,156W - SOLD OUT!!
8,https://www.lobstersnowboards.com/shop/parkbaord-sa-31,2012 PARKBOARD SA SKETCHY ALLEY,https://www.lobstersnowboards.com/lobster1718/prod_images/med/1617-special-add-2-457.png,US$278.99,154 - SOLD OUT!!
9,https://www.lobstersnowboards.com/shop/parkbaord-sa-31,2012 PARKBOARD SA SKETCHY ALLEY,https://www.lobstersnowboards.com/lobster1718/prod_images/med/1617-special-add-2-457.png,US$278.99,151 - SOLD OUT!!
10,https://www.lobstersnowboards.com/shop/parkbaord-sa-31,2012 PARKBOARD SA SKETCHY ALLEY,https://www.lobstersnowboards.com/lobster1718/prod_images/med/1617-special-add-2-457.png,US$278.99,148 - SOLD OUT!!
11,https://www.lobstersnowboards.com/shop/jibbaord-sa-30,2012 JIBBOARD SA CANDY MACHINE,https://www.lobstersnowboards.com/lobster1718/prod_images/med/1617-special-add-3-455.png,US$291.99,154W - SOLD OUT!!
12,https://www.lobstersnowboards.com/shop/jibbaord-sa-30,2012 JIBBOARD SA CANDY MACHINE,https://www.lobstersnowboards.com/lobster1718/prod_images/med/1617-special-add-3-455.png,US$291.99,153 - SOLD OUT!!
13,https://www.lobstersnowboards.com/shop/jibbaord-sa-30,2012 JIBBOARD SA CANDY MACHINE,https://www.lobstersnowboards.com/lobster1718/prod_images/med/1617-special-add-3-455.png,US$291.99,151 - SOLD OUT!!
14,https://www.lobstersnowboards.com/shop/jibbaord-sa-30,2012 JIBBOARD SA CANDY MACHINE,https://www.lobstersnowboards.com/lobster1718/prod_images/med/1617-special-add-3-455.png,US$291.99,148 - SOLD OUT!!
15,https://www.lobstersnowboards.com/shop/jibbaord-sa-30,2012 JIBBOARD SA CANDY MACHINE,https://www.lobstersnowboards.com/lobster1718/prod_images/med/1617-special-add-3-455.png,US$291.99,144 - SOLD OUT!!
16,https://www.lobstersnowboards.com/shop/parkboard-sa-rv-juice-199,PARKBOARD SA RV JUICE,https://www.lobstersnowboards.com/lobster1718/prod_images/med/1617-special-add-2-451.png,US$299.99,156W - SOLD OUT!!
17,https://www.lobstersnowboards.com/shop/parkboard-sa-rv-juice-199,PARKBOARD SA RV JUICE,https://www.lobstersnowboards.com/lobster1718/prod_images/med/1617-special-add-2-451.png,US$299.99,154 - SOLD OUT!!
18,https://www.lobstersnowboards.com/shop/parkboard-sa-rv-juice-199,PARKBOARD SA RV JUICE,https://www.lobstersnowboards.com/lobster1718/prod_images/med/1617-special-add-2-451.png,US$299.99,151 - SOLD OUT!!
19,https://www.lobstersnowboards.com/shop/parkboard-sa-rv-juice-199,PARKBOARD SA RV JUICE,https://www.lobstersnowboards.com/lobster1718/prod_images/med/1617-special-add-2-451.png,US$299.99,148 - SOLD OUT!!
20,https://www.lobstersnowboards.com/shop/jibboard-sa-haircut-196,JIBBOARD SA HAIRCUT,https://www.lobstersnowboards.com/lobster1718/prod_images/med/1617-special-add-1-450.png,US$338.99,154W - SOLD OUT!!
21,https://www.lobstersnowboards.com/shop/jibboard-sa-haircut-196,JIBBOARD SA HAIRCUT,https://www.lobstersnowboards.com/lobster1718/prod_images/med/1617-special-add-1-450.png,US$338.99,153 - SOLD OUT!!
22,https://www.lobstersnowboards.com/shop/jibboard-sa-haircut-196,JIBBOARD SA HAIRCUT,https://www.lobstersnowboards.com/lobster1718/prod_images/med/1617-special-add-1-450.png,US$338.99,151 - SOLD OUT!!
23,https://www.lobstersnowboards.com/shop/jibboard-sa-haircut-196,JIBBOARD SA HAIRCUT,https://www.lobstersnowboards.com/lobster1718/prod_images/med/1617-special-add-1-450.png,US$338.99,148 - SOLD OUT!!
24,https://www.lobstersnowboards.com/shop/jibboard-sa-haircut-196,JIBBOARD SA HAIRCUT,https://www.lobstersnowboards.com/lobster1718/prod_images/med/1617-special-add-1-450.png,US$338.99,144 - SOLD OUT!!
25,https://www.lobstersnowboards.com/shop/parkboard-sa-trexunicornfathumanpig-247,PARKBOARD SA TREXUNICORNFATHUMANPIG,https://www.lobstersnowboards.com/lobster1718/prod_images/med/parkbaord-special-addition---148-247-1398-1-400.png,US$399.95,156W - SOLD OUT!!
26,https://www.lobstersnowboards.com/shop/parkboard-sa-trexunicornfathumanpig-247,PARKBOARD SA TREXUNICORNFATHUMANPIG,https://www.lobstersnowboards.com/lobster1718/prod_images/med/parkbaord-special-addition---148-247-1398-1-400.png,US$399.95,154 - SOLD OUT!!
27,https://www.lobstersnowboards.com/shop/parkboard-sa-trexunicornfathumanpig-247,PARKBOARD SA TREXUNICORNFATHUMANPIG,https://www.lobstersnowboards.com/lobster1718/prod_images/med/parkbaord-special-addition---148-247-1398-1-400.png,US$399.95,151 - SOLD OUT!!
28,https://www.lobstersnowboards.com/shop/parkboard-sa-trexunicornfathumanpig-247,PARKBOARD SA TREXUNICORNFATHUMANPIG,https://www.lobstersnowboards.com/lobster1718/prod_images/med/parkbaord-special-addition---148-247-1398-1-400.png,US$399.95,148 - SOLD OUT!!
29,https://www.lobstersnowboards.com/shop/jibboard-sa-burn-the-_itch-246,JIBBOARD SA BURN THE _ITCH,https://www.lobstersnowboards.com/lobster1718/prod_images/med/jibbaord-special-addition-144-246-1393-1-398.png,US$283.99,154W - SOLD OUT!!
30,https://www.lobstersnowboards.com/shop/jibboard-sa-burn-the-_itch-246,JIBBOARD SA BURN THE _ITCH,https://www.lobstersnowboards.com/lobster1718/prod_images/med/jibbaord-special-addition-144-246-1393-1-398.png,US$283.99,153 - SOLD OUT!!
31,https://www.lobstersnowboards.com/shop/jibboard-sa-burn-the-_itch-246,JIBBOARD SA BURN THE _ITCH,https://www.lobstersnowboards.com/lobster1718/prod_images/med/jibbaord-special-addition-144-246-1393-1-398.png,US$283.99,151 - SOLD OUT!!
32,https://www.lobstersnowboards.com/shop/jibboard-sa-burn-the-_itch-246,JIBBOARD SA BURN THE _ITCH,https://www.lobstersnowboards.com/lobster1718/prod_images/med/jibbaord-special-addition-144-246-1393-1-398.png,US$283.99,148 - SOLD OUT!!
33,https://www.lobstersnowboards.com/shop/jibboard-sa-burn-the-_itch-246,JIBBOARD SA BURN THE _ITCH,https://www.lobstersnowboards.com/lobster1718/prod_images/med/jibbaord-special-addition-144-246-1393-1-398.png,US$283.99,144 - SOLD OUT!!
34,https://www.lobstersnowboards.com/shop/parkboard-special-addition-315,PARKBOARD SA PARTYSNAKE,https://www.lobstersnowboards.com/lobster1718/prod_images/med/parkboard-special-addition-315-1-390.png,US$320.99,156W - SOLD OUT!!
35,https://www.lobstersnowboards.com/shop/parkboard-special-addition-315,PARKBOARD SA PARTYSNAKE,https://www.lobstersnowboards.com/lobster1718/prod_images/med/parkboard-special-addition-315-1-390.png,US$320.99,154 - SOLD OUT!!
36,https://www.lobstersnowboards.com/shop/parkboard-special-addition-315,PARKBOARD SA PARTYSNAKE,https://www.lobstersnowboards.com/lobster1718/prod_images/med/parkboard-special-addition-315-1-390.png,US$320.99,151 - SOLD OUT!!
37,https://www.lobstersnowboards.com/shop/parkboard-special-addition-315,PARKBOARD SA PARTYSNAKE,https://www.lobstersnowboards.com/lobster1718/prod_images/med/parkboard-special-addition-315-1-390.png,US$320.99,148 - SOLD OUT!!
38,https://www.lobstersnowboards.com/shop/jibboard-special-addition-313,JIB BOARD SA SUCK IT!,https://www.lobstersnowboards.com/lobster1718/prod_images/med/jibboard-special-addition-313-1-392.png,US$299.99,153 - SOLD OUT!!
39,https://www.lobstersnowboards.com/shop/jibboard-special-addition-313,JIB BOARD SA SUCK IT!,https://www.lobstersnowboards.com/lobster1718/prod_images/med/jibboard-special-addition-313-1-392.png,US$299.99,151 - SOLD OUT!!
40,https://www.lobstersnowboards.com/shop/jibboard-special-addition-313,JIB BOARD SA SUCK IT!,https://www.lobstersnowboards.com/lobster1718/prod_images/med/jibboard-special-addition-313-1-392.png,US$299.99,148 - SOLD OUT!!
41,https://www.lobstersnowboards.com/shop/parkboard-special-addition-417,RANDOM ADDITION,https://www.lobstersnowboards.com/lobster1718/prod_images/med/1617-boards16-374.png,US$499.95,156 - LAST FEW!
42,https://www.lobstersnowboards.com/shop/parkboard-special-addition-417,RANDOM ADDITION,https://www.lobstersnowboards.com/lobster1718/prod_images/med/1617-boards16-374.png,US$499.95,154 - SOLD OUT!!
43,https://www.lobstersnowboards.com/shop/parkboard-special-addition-417,RANDOM ADDITION,https://www.lobstersnowboards.com/lobster1718/prod_images/med/1617-boards16-374.png,US$499.95,151 - SOLD OUT!!
44,https://www.lobstersnowboards.com/shop/parkboard-special-addition-419,SPECIAL ADDITION PARKBOARD,https://www.lobstersnowboards.com/lobster1718/prod_images/med/1617-boards15-375.png,US$449.95,157
45,https://www.lobstersnowboards.com/shop/parkboard-special-addition-419,SPECIAL ADDITION PARKBOARD,https://www.lobstersnowboards.com/lobster1718/prod_images/med/1617-boards15-375.png,US$449.95,156W - LAST FEW!
46,https://www.lobstersnowboards.com/shop/parkboard-special-addition-419,SPECIAL ADDITION PARKBOARD,https://www.lobstersnowboards.com/lobster1718/prod_images/med/1617-boards15-375.png,US$449.95,154 - SOLD OUT!!
47,https://www.lobstersnowboards.com/shop/parkboard-special-addition-419,SPECIAL ADDITION PARKBOARD,https://www.lobstersnowboards.com/lobster1718/prod_images/med/1617-boards15-375.png,US$449.95,151
48,https://www.lobstersnowboards.com/shop/parkboard-special-addition-419,SPECIAL ADDITION PARKBOARD,https://www.lobstersnowboards.com/lobster1718/prod_images/med/1617-boards15-375.png,US$449.95,148 - SOLD OUT!!
49,https://www.lobstersnowboards.com/shop/a-a--sea-creature-468,A.A. SEA CREATURE,https://www.lobstersnowboards.com/lobster1718/prod_images/med/1718-lobster-web-double8-859.png,US$499.95,160W - SOLD OUT!!
50,https://www.lobstersnowboards.com/shop/a-a--sea-creature-468,A.A. SEA CREATURE,https://www.lobstersnowboards.com/lobster1718/prod_images/med/1718-lobster-web-double8-859.png,US$499.95,157W - SOLD OUT!!
51,https://www.lobstersnowboards.com/shop/a-a--sea-creature-468,A.A. SEA CREATURE,https://www.lobstersnowboards.com/lobster1718/prod_images/med/1718-lobster-web-double8-859.png,US$499.95,156 - SOLD OUT!!
52,https://www.lobstersnowboards.com/shop/a-a--sea-creature-468,A.A. SEA CREATURE,https://www.lobstersnowboards.com/lobster1718/prod_images/med/1718-lobster-web-double8-859.png,US$499.95,153 - SOLD OUT!!
53,https://www.lobstersnowboards.com/shop/a-a--sea-creature-468,A.A. SEA CREATURE,https://www.lobstersnowboards.com/lobster1718/prod_images/med/1718-lobster-web-double8-859.png,US$499.95,150 - SOLD OUT!!
54,https://www.lobstersnowboards.com/shop/a-a--reaper-467,A.A. REAPER,https://www.lobstersnowboards.com/lobster1718/prod_images/med/1718-lobster-web-double9-858.png,US$459.95,154W - SOLD OUT!!
55,https://www.lobstersnowboards.com/shop/a-a--reaper-467,A.A. REAPER,https://www.lobstersnowboards.com/lobster1718/prod_images/med/1718-lobster-web-double9-858.png,US$459.95,154 - SOLD OUT!!
56,https://www.lobstersnowboards.com/shop/a-a--reaper-467,A.A. REAPER,https://www.lobstersnowboards.com/lobster1718/prod_images/med/1718-lobster-web-double9-858.png,US$459.95,151 - SOLD OUT!!
57,https://www.lobstersnowboards.com/shop/a-a--reaper-467,A.A. REAPER,https://www.lobstersnowboards.com/lobster1718/prod_images/med/1718-lobster-web-double9-858.png,US$459.95,148 - SOLD OUT!!
58,https://www.lobstersnowboards.com/shop/jibboard-set-462,JIBBOARD SET,https://www.lobstersnowboards.com/lobster1718/prod_images/med/1718-jib-board-set-top-web-748.png,US$459.95,154W/ L Binding - SOLD OUT!!
59,https://www.lobstersnowboards.com/shop/jibboard-set-462,JIBBOARD SET,https://www.lobstersnowboards.com/lobster1718/prod_images/med/1718-jib-board-set-top-web-748.png,US$459.95,155/ M Binding - SOLD OUT!!
60,https://www.lobstersnowboards.com/shop/jibboard-set-462,JIBBOARD SET,https://www.lobstersnowboards.com/lobster1718/prod_images/med/1718-jib-board-set-top-web-748.png,US$459.95,153/ M Binding - SOLD OUT!!
61,https://www.lobstersnowboards.com/shop/jibboard-set-462,JIBBOARD SET,https://www.lobstersnowboards.com/lobster1718/prod_images/med/1718-jib-board-set-top-web-748.png,US$459.95,151/ M Binding - SOLD OUT!!
62,https://www.lobstersnowboards.com/shop/jibboard-set-462,JIBBOARD SET,https://www.lobstersnowboards.com/lobster1718/prod_images/med/1718-jib-board-set-top-web-748.png,US$459.95,148/ S Binding - SOLD OUT!!
63,https://www.lobstersnowboards.com/shop/jibboard-set-462,JIBBOARD SET,https://www.lobstersnowboards.com/lobster1718/prod_images/med/1718-jib-board-set-top-web-748.png,US$459.95,144// S Binding - SOLD OUT!!
64,https://www.lobstersnowboards.com/shop/the-sender--466,THE SENDER,https://www.lobstersnowboards.com/lobster1718/prod_images/med/1718-lobster-web-double7-744.png,US$489.95,162W - SOLD OUT!!
65,https://www.lobstersnowboards.com/shop/the-sender--466,THE SENDER,https://www.lobstersnowboards.com/lobster1718/prod_images/med/1718-lobster-web-double7-744.png,US$489.95,159W - SOLD OUT!!
66,https://www.lobstersnowboards.com/shop/the-sender--466,THE SENDER,https://www.lobstersnowboards.com/lobster1718/prod_images/med/1718-lobster-web-double7-744.png,US$489.95,157 - SOLD OUT!!
67,https://www.lobstersnowboards.com/shop/the-sender--466,THE SENDER,https://www.lobstersnowboards.com/lobster1718/prod_images/med/1718-lobster-web-double7-744.png,US$489.95,154 - SOLD OUT!!
68,https://www.lobstersnowboards.com/shop/the-sender--466,THE SENDER,https://www.lobstersnowboards.com/lobster1718/prod_images/med/1718-lobster-web-double7-744.png,US$489.95,152 - LAST FEW!
69,https://www.lobstersnowboards.com/shop/floater-465,FLOATER,https://www.lobstersnowboards.com/lobster1718/prod_images/med/1718-lobster-web-double2-743.png,US$479.95,159 - SOLD OUT!!
70,https://www.lobstersnowboards.com/shop/floater-465,FLOATER,https://www.lobstersnowboards.com/lobster1718/prod_images/med/1718-lobster-web-double2-743.png,US$479.95,156 - LAST FEW!
71,https://www.lobstersnowboards.com/shop/floater-465,FLOATER,https://www.lobstersnowboards.com/lobster1718/prod_images/med/1718-lobster-web-double2-743.png,US$479.95,154
72,https://www.lobstersnowboards.com/shop/floater-465,FLOATER,https://www.lobstersnowboards.com/lobster1718/prod_images/med/1718-lobster-web-double2-743.png,US$479.95,151 - LAST FEW!
73,https://www.lobstersnowboards.com/shop/parkboard--464,PARKBOARD,https://www.lobstersnowboards.com/lobster1718/prod_images/med/1718-lobster-web-double6-742.png,US$399.95,157 - LAST FEW!
74,https://www.lobstersnowboards.com/shop/parkboard--464,PARKBOARD,https://www.lobstersnowboards.com/lobster1718/prod_images/med/1718-lobster-web-double6-742.png,US$399.95,156W - SOLD OUT!!
75,https://www.lobstersnowboards.com/shop/parkboard--464,PARKBOARD,https://www.lobstersnowboards.com/lobster1718/prod_images/med/1718-lobster-web-double6-742.png,US$399.95,154 - LAST FEW!
76,https://www.lobstersnowboards.com/shop/parkboard--464,PARKBOARD,https://www.lobstersnowboards.com/lobster1718/prod_images/med/1718-lobster-web-double6-742.png,US$399.95,151 - SOLD OUT!!
77,https://www.lobstersnowboards.com/shop/parkboard--464,PARKBOARD,https://www.lobstersnowboards.com/lobster1718/prod_images/med/1718-lobster-web-double6-742.png,US$399.95,148 - SOLD OUT!!
78,https://www.lobstersnowboards.com/shop/jibboard--463,JIBBOARD,https://www.lobstersnowboards.com/lobster1718/prod_images/med/1718-lobster-web-double5-737.png,US$379.95,154W - SOLD OUT!!
79,https://www.lobstersnowboards.com/shop/jibboard--463,JIBBOARD,https://www.lobstersnowboards.com/lobster1718/prod_images/med/1718-lobster-web-double5-737.png,US$379.95,155 - SOLD OUT!!
80,https://www.lobstersnowboards.com/shop/jibboard--463,JIBBOARD,https://www.lobstersnowboards.com/lobster1718/prod_images/med/1718-lobster-web-double5-737.png,US$379.95,153 - SOLD OUT!!
81,https://www.lobstersnowboards.com/shop/jibboard--463,JIBBOARD,https://www.lobstersnowboards.com/lobster1718/prod_images/med/1718-lobster-web-double5-737.png,US$379.95,151 - SOLD OUT!!
82,https://www.lobstersnowboards.com/shop/jibboard--463,JIBBOARD,https://www.lobstersnowboards.com/lobster1718/prod_images/med/1718-lobster-web-double5-737.png,US$379.95,148 - SOLD OUT!!
83,https://www.lobstersnowboards.com/shop/jibboard--463,JIBBOARD,https://www.lobstersnowboards.com/lobster1718/prod_images/med/1718-lobster-web-double5-737.png,US$379.95,144 - SOLD OUT!!
84,https://www.lobstersnowboards.com/shop/halldor-pro-asym-461,HALLDOR PRO ASYM,https://www.lobstersnowboards.com/lobster1718/prod_images/med/1718-lobster-web-double4-741.png,US$489.95,156 - SOLD OUT!!
85,https://www.lobstersnowboards.com/shop/halldor-pro-asym-461,HALLDOR PRO ASYM,https://www.lobstersnowboards.com/lobster1718/prod_images/med/1718-lobster-web-double4-741.png,US$489.95,153 - SOLD OUT!!
86,https://www.lobstersnowboards.com/shop/halldor-pro-model--460,HALLDOR PRO MODEL,https://www.lobstersnowboards.com/lobster1718/prod_images/med/1718-lobster-web-double3-740.png,US$499.95,160W - LAST FEW!
87,https://www.lobstersnowboards.com/shop/halldor-pro-model--460,HALLDOR PRO MODEL,https://www.lobstersnowboards.com/lobster1718/prod_images/med/1718-lobster-web-double3-740.png,US$499.95,157W - GET IT HERE!
88,https://www.lobstersnowboards.com/shop/halldor-pro-model--460,HALLDOR PRO MODEL,https://www.lobstersnowboards.com/lobster1718/prod_images/med/1718-lobster-web-double3-740.png,US$499.95,156 - SOLD OUT â€“ TRY THIS!
89,https://www.lobstersnowboards.com/shop/halldor-pro-model--460,HALLDOR PRO MODEL,https://www.lobstersnowboards.com/lobster1718/prod_images/med/1718-lobster-web-double3-740.png,US$499.95,153 - LAST FEW!
90,https://www.lobstersnowboards.com/shop/halldor-pro-model--460,HALLDOR PRO MODEL,https://www.lobstersnowboards.com/lobster1718/prod_images/med/1718-lobster-web-double3-740.png,US$499.95,150 - GET IT HERE!
91,https://www.lobstersnowboards.com/shop/eiki-pro-model--459,EIKI PRO MODEL,https://www.lobstersnowboards.com/lobster1718/prod_images/med/1718-lobster-web-double3-740-767.png,US$449.95,154W - SOLD OUT!!
92,https://www.lobstersnowboards.com/shop/eiki-pro-model--459,EIKI PRO MODEL,https://www.lobstersnowboards.com/lobster1718/prod_images/med/1718-lobster-web-double3-740-767.png,US$449.95,154 - LAST FEW!
93,https://www.lobstersnowboards.com/shop/eiki-pro-model--459,EIKI PRO MODEL,https://www.lobstersnowboards.com/lobster1718/prod_images/med/1718-lobster-web-double3-740-767.png,US$449.95,151 - GET IT HERE!
94,https://www.lobstersnowboards.com/shop/eiki-pro-model--459,EIKI PRO MODEL,https://www.lobstersnowboards.com/lobster1718/prod_images/med/1718-lobster-web-double3-740-767.png,US$449.95,148 - SOLD OUT!!
